f_0 (GHz),Q,Q_e_real,Q_e_imag,Q_i
2.2454350075132767,56.52001459378842,10.000218256420732,-13.517917219244026,-12.14993457183204
